{
  "doc_type": "pipeline",
  "pipelines": [{
    "id": "d357f518-0cc7-4b6a-b177-b6d51d4c7361",
    "nodes": [{
      "id": "automl",
      "op": "wml-http-score",
      "outputs": [{
        "id": "automl"
      }],
      "parameters": {
        "optimization": {
          "compute_pipeline_notebooks_flag": true,
          "daub_adaptive_subsampling_max_mem_usage": 15000000000,
          "holdout_param": 0.1,
          "label": "num_orders",
          "learning_type": "regression",
          "max_num_daub_ensembles": 2,
          "run_cognito_flag": true,
          "scorer_for_ranking": "neg_root_mean_squared_error"
        },
        "output_logs": true,
        "stage_flag": true,
        "output_model": {
          "location": "auto_ml/bb633870-09f0-4005-8af6-0aca0e62ab74/wml_data/94f92dbf-657b-42a7-bc44-3edd70d2fea2/data/automl/fold_output/Pipeline2/model.pickle",
          "name": "automl"
        }
      },
      "runtime_ref": "autoai",
      "type": "execution_node"
    }],
    "runtime_ref": "hybrid"
  }],
  "primary_pipeline": "d357f518-0cc7-4b6a-b177-b6d51d4c7361",
  "runtimes": [{
    "app_data": {
      "wml_data": {
        "runtime_spec_v4": {
          "compute": {
            "name": "l",
            "nodes": 1
          }
        }
      }
    },
    "id": "autoai",
    "name": "auto_ai.kb",
    "version": "0.1.443"
  }],
  "version": "2.0"
}